,Before perturbation,After perturbation
md5sum,0.043846001,0.043886899
base64,1.023920931,1.02686535
sha256sum,0.108137684,0.107570809
b2sum,0.455886862,0.454273239
